company_name,company_number,company_status,company_type,company_subtype,dissolution_date,incorporation_date,removed_date,registered_date,nature_of_business,registered_office_address
FLOW N FLAME LTD,16758267,Active,Private limited company,,,2025-10-02,,,43220,41 Thornhill Road Cwmbran NP44 5TF United Kingdom
S&B PLUMBING AND HEATING SOLUTIONS LTD,SC865298,Active,Private limited company,,,2025-10-06,,,43220,11 Burnhead Street Uddingston Glasgow G71 5RN Scotland
MHV HEATING & PLUMBING LTD,16767767,Active,Private limited company,,,2025-10-07,,,43220,3 Weighbridge Court Manchester M44 6TJ United Kingdom
NOVA FLOW PLUMBING AND HEATING LIMITED,16758431,Active,Private limited company,,,2025-10-02,,,43220,10 Scandia-Hus Business Park Felcourt Road East Grinstead RH19 2LP United Kingdom
GREENBOX RENEWABLES LTD,16761440,Active,Private limited company,,,2025-10-03,,,43220,"1 Gemini Court, 42a Throwley Way Sutton SM1 4AF United Kingdom"
DDW AIR CONDITIONING LTD,16758614,Active,Private limited company,,,2025-10-02,,,43220,41 Holywell Avenue Castleford WF10 3FD United Kingdom
ASG HEATING LTD,16762049,Active,Private limited company,,,2025-10-03,,,43220,119 Links Avenue Norwich NR6 5PQ England
G BURGUM PLUMBING & HEATING LIMITED,16762412,Active,Private limited company,,,2025-10-03,,,43220,Bayfield Caerleon Road Ponthir Newport NP18 1GZ Wales
RELIANCE BUILDING SERVICES & ENGINEERING LTD,16764973,Active,Private limited company,,,2025-10-06,,,43210 43220 43320 43390,Flat 25 Walton House Montclare Street London E2 7ET England
AMPLIFY ENERGY LTD,16765715,Active,Private limited company,,,2025-10-06,,,43220,36 Chatsworth Drive Liverpool L7 6LG England
GBS CONTRACTORS LTD,16768137,Active,Private limited company,,,2025-10-07,,,43220,"Flat 704, 135, Montgomery House Harrow Road London W2 1HG United Kingdom"
WS CONTRACTORS LTD,16769005,Active,Private limited company,,,2025-10-07,,,43210 43220 43390,40 Grover Road Watford WD19 4HJ England
ADT MECHANICAL LTD,16770619,Active,Private limited company,,,2025-10-07,,,43220,46 Sadlers Court Abingdon OX14 2PA England
KINERGY SOLUTIONS LTD,16759783,Active,Private limited company,,,2025-10-02,,,43220,2 The Acres Shefford SG17 5GD United Kingdom
THAMES GATEWAY SERVICES LTD,16761267,Active,Private limited company,,,2025-10-03,,,43210 43220 43390,Innovation Centre Medway C/O Ant Accounting Maidstone Road Chatham ME5 9FD United Kingdom
DRAGON WARMTH SOLUTIONS LTD,16767537,Active,Private limited company,,,2025-10-06,,,43220 43290,66 Cabul Close Warrington WA2 7SD England
DG GAS & HEATING LTD,16768001,Active,Private limited company,,,2025-10-07,,,43220,12 Hylton Road Liverpool L19 4UP United Kingdom
ABERDOVE ELECTRICAL SOLUTIONS LTD,SC865503,Active,Private limited company,,,2025-10-07,,,43210 43220 43390 70229,70 Victoria Road Aberdeen AB11 9DS Scotland
D.M.S PLUMBING & BATHROOMS LTD,16758531,Active,Private limited company,,,2025-10-02,,,43220,550 Valley Road Nottingham NG5 1JJ United Kingdom
ROMFORD GAS LTD,16758811,Active,Private limited company,,,2025-10-02,,,43220,21 Bennett Road Romford RM6 6ES England
RED APPLE PIPEFITTING LTD,16761744,Active,Private limited company,,,2025-10-03,,,43220,Derwent Cottage Belmont Haydon Bridge Hexham NE47 6HE United Kingdom
AMALFI EMERGENCY PLUMBING LTD,16763522,Active,Private limited company,,,2025-10-05,,,43220,120 Antlers Hill London E4 7RY England
ELITE HEATING CARE LTD,16763533,Active,Private limited company,,,2025-10-05,,,43220,7a Petersfield Road London W3 8NY England
V I T PLUMBING PROS LIMITED,16769448,Active,Private limited company,,,2025-10-07,,,43220,23 Glanleam Road Stanmore HA7 4NW England
ENERLUX ENERGY LTD,16769454,Active,Private limited company,,,2025-10-07,,,43220,3 Honiton Road Romford RM7 9AJ England
FLOWSTATE PLUMBING AND HEATING LTD,16757249,Active,Private limited company,,,2025-10-01,,,43220,13b Stanstead Road London SE23 1HG England
AURORA ESTATES & BUILDERS LTD,16758276,Active,Private limited company,,,2025-10-02,,,43220 68320 81299,181 Campbell Road London E3 4DP England
PALATINE PLUMBING LTD,16758455,Active,Private limited company,,,2025-10-02,,,43220,106 Burnham Lane Slough SL1 6LS England
WARM HOMES ENERGY LTD,16761956,Active,Private limited company,,,2025-10-03,,,43220,82 King Street Manchester M2 4WQ England
ASPIRE BUILDING SOLUTIONS LTD,16765311,Active,Private limited company,,,2025-10-06,,,43220,212 Greenacres Road Oldham OL4 3EW England
MWL INSTALLATIONS LIMITED,16766167,Active,Private limited company,,,2025-10-06,,,43210 43220,Lymehouse Studios 30/31 Lyme Street London NW1 0EE England
ZA PLUMBING AND HEATING LTD,16769914,Active,Private limited company,,,2025-10-07,,,43220,4 Highfield Road Chesham HP5 2DT England
REES HEATING LIMITED,16770866,Active,Private limited company,,,2025-10-08,,,43220,5 Brynogwy Terrace Nantymoel Bridgend CF32 7ST Wales
MONSTER DRAINAGE LIMITED,16755425,Active,Private limited company,,,2025-10-01,,,43220,Unit 2 Jayes Park Courtyard Sheep Green Ockley Dorking RH5 5R United Kingdom
GELDER PROPERTY MAINTENANCE LTD,16754650,Active,Private limited company,,,2025-10-01,,,43220 68320,108 Upper Wortley Road Rotherham S61 2AD England
DJS PLUMBING SOLUTIONS LIMITED,16756003,Active,Private limited company,,,2025-10-01,,,43220,33 Abbotswood Close Redditch B98 0QD United Kingdom
PLUMBEX GROUP LTD,16755917,Active,Private limited company,,,2025-10-01,,,43220,20 Manchester Road Holland-On-Sea Clacton-On-Sea CO15 5PL England
LIGHTHOUSE PLUS LTD,16755384,Active,Private limited company,,,2025-10-01,,,43210 43220 43390,4 Canford Drive Addlestone KT15 2HL England
GUMMA LTD,16756020,Active,Private limited company,,,2025-10-01,,,41202 43220 43330,18 Kennard Street London E16 2HR United Kingdom
HEATAYR GAS SERVICES LTD,SC865687,Active,Private limited company,,,2025-10-08,,,43220,12 Doonvale Place Ayr KA6 6FD Scotland
SEVICO SOLUTION LIMITED,16773200,Active,Private limited company,,,2025-10-08,,,43220 81222 98000,14 Shawsfield Road Rotherham S60 2RT England
JT HEAT LIMITED,16773218,Active,Private limited company,,,2025-10-08,,,43220,36 Reading Road Woodley Reading RG5 3DB England
JHC PLUMBING LTD,16774751,Active,Private limited company,,,2025-10-09,,,43220,15 Barsham Close West Raynham Fakenham NR21 7JL England
CLIVENTA ENGINEERING LTD,SC865843,Active,Private limited company,,,2025-10-09,,,28250 43220 46740 71129,Office 2/3 48 West George Street Glasgow G2 1BP Scotland
DSF PLUMBING SERVICES LTD,16776022,Active,Private limited company,,,2025-10-09,,,43220,32a Rycroft Avenue St. Neots PE19 1DT England
R J HENDER PLUMBING AND HEATING LTD,16776620,Active,Private limited company,,,2025-10-10,,,43220,130 Maesdu Road Llandudno LL30 1LW Wales
VENDIA VENTILATION SERVICE LTD,16777751,Active,Private limited company,,,2025-10-10,,,43220,128 City Road London EC1V 2NX United Kingdom
SERVICES & PRESTATIONS LTD,16778618,Active,Private limited company,,,2025-10-10,,,43210 43220 80200 95220,167 - 169 Great Portland Street 5th Floor London W1W 5PF England
WARMSTRIDE UNDERFLOOR HEATING LTD,16783539,Active,Private limited company,,,2025-10-14,,,43220,23 Marten Grove Huddersfield HD4 7JU United Kingdom
GAS SAFETY CERTIFICATES LTD,16784480,Active,Private limited company,,,2025-10-14,,,43220,"45, Silverstream House Fitzroy Street London W1T 6EB United Kingdom"
AIRCON ONE 24/7 LTD,16771280,Active,Private limited company,,,2025-10-08,,,43220 43290,5 Lucas Road Colchester CO2 7EP England
ANDREW THETFORD HEATING LIMITED,16773048,Active,Private limited company,,,2025-10-08,,,43220,2 Pitt Lane Cottages Pitt Lane Ryehill Hull HU12 9NN England
ALL CLEAR PLUMBING LIMITED,16778757,Active,Private limited company,,,2025-10-10,,,43220,Flat 2 Fellini House Grimsdyke Road Pinner HA5 4LD England
RODRIGO ELECTRICAL AND REFRIGERATION LTD,16779992,Active,Private limited company,,,2025-10-13,,,41201 43210 43220,30 Constance Grove Dartford DA1 2GA England
J & J AIR CONDITIONING REFRIGERATION LTD,16780321,Active,Private limited company,,,2025-10-13,,,43220,33 Heol Graig Felen Clydach Swansea SA6 5DF Wales
GASMAN & PARTNERS LTD,16780322,Active,Private limited company,,,2025-10-13,,,43220,173 Stradbroke Grove Ilford IG5 0DJ England
SULTAN SERVICE AND INSTALLATION LTD,16780848,Active,Private limited company,,,2025-10-13,,,43220,133 Green Lane Road Leicester LE5 3TQ England
PURE VENTILATION SOLUTIONS LTD,16783657,Active,Private limited company,,,2025-10-14,,,43220,Penny Lane Business Centre 374 Smithdown Road Liverpool L15 5AN United Kingdom
MAUGER BROTHERS LIMITED,16783692,Active,Private limited company,,,2025-10-14,,,43220,The Stable Yard 25-33 Vicarage Road Stony Stratford Milton Keynes MK11 1BN England
YORKSHIRE HOMECARE PLUMBING & HEATING LTD,16785092,Active,Private limited company,,,2025-10-14,,,43220,79 Huddersfield Road Mirfield WF14 8AT England
QUAD PLUMBING SOLUTIONS LTD,16774027,Active,Private limited company,,,2025-10-09,,,43220,9 Elm Hill Normandy Guildford GU3 2JA England
PROPERTY 247 SOLUTIONS LIMITED,16778451,Active,Private limited company,,,2025-10-10,,,43220,"2nd Floor, Hygeia House 66 College Road Harrow HA1 1BE United Kingdom"
WALDER HEATING AND PLUMBING LIMITED,16772632,Active,Private limited company,,,2025-10-08,,,43220,Shadwell House 65 Lower Green Road Tunbridge Wells TN4 8TW England
TAKCOOLING LIMITED,16780697,Active,Private limited company,,,2025-10-13,,,33190 43220,149 Glengall Road London SE15 6RS England
ABRAJ ALNAEEM TECHNICAL SERVICES LTD,16782755,Active,Private limited company,,,2025-10-14,,,43210 43220 43330 43341,2 Frederick Street Kings Cross London WC1X 0ND United Kingdom
MIKES HEAT LTD,16771333,Active,Private limited company,,,2025-10-08,,,43220,8 Edgefield Court Edgefield Avenue Barking IG11 9JP United Kingdom
A PLUS GAS AND PLUMBING LTD,16772128,Active,Private limited company,,,2025-10-08,,,43220,135 Knaresborough Road Harrogate HG2 7LY England
24/7 REPAIR SOLUTIONS LTD,16779396,Active,Private limited company,,,2025-10-13,,,41100 41202 43210 43220,71-75 Shelton Street Covent Garden London WC2H 9JQ United Kingdom
MR TILER UK LTD,16781130,Active,Private limited company,,,2025-10-13,,,41100 43220 43310 43330,128 City Road London EC1V 2NX United Kingdom
BRITSUN ENERGY LTD,16763860,Active,Private limited company,,,2025-10-05,,,43220,Radclyffe House Business Centre 66-68 Hagley Road Edgbaston Birmingham B16 8PF England
J BROWN PLUMBING AND HEATING LTD,SC866282,Active,Private limited company,,,2025-10-14,,,43220,40 Foyers Way Crieff PH7 3FE United Kingdom
FACILITY 365 LTD,16784888,Active,Private limited company,,,2025-10-14,,,43210 43220 43320 43341,Hartwood House 116 Preston Road Chorley PR7 1PT England
AQUA TORQUE SOLUTIONS LIMITED,16771125,Active,Private limited company,,,2025-10-08,,,42910 43220 74901,79 Wychall Road Birmingham B31 3AB England
LVM SERVICES H20 LIMITED,16787722,Active,Private limited company,,,2025-10-15,,,43220,374 Long Lane Bexleyheath DA7 5JG England
BIG BEAR STOVES LTD,NI734464,Active,Private limited company,,,2025-10-16,,,43220,48 Loughbracken Road Pomeroy BT70 2SF United Kingdom
THEHAPPYPLUMBER LIMITED,16785428,Active,Private limited company,,,2025-10-14,,,43220,Flat 59 Falcon House Gurnell Grove London W13 0AE England
SVJ-TC LIMITED,16787902,Active,Private limited company,,,2025-10-15,,,43220 69201,2 Stone Court Cefn Mably Road Lisvane Cardiff CF14 0SP Wales
SUMMIT AU MECHANICAL LTD,16765009,Active,Private limited company,,,2025-10-06,,,43220,16 Fairbourne Road Denton Manchester M34 2FD United Kingdom
CLEAR HEATING LTD,16788436,Active,Private limited company,,,2025-10-16,,,43220 43390,33 Highland Road Cradley Heath B64 5NE England
WARMNEST HEATING SERVICES LIMITED,16788798,Active,Private limited company,,,2025-10-16,,,43220,197 Leek New Road Stoke-On-Trent ST6 2LG England
DC HEATING PLUMBING & RENEWABLES LTD,16786170,Active,Private limited company,,,2025-10-15,,,43220,5 Cornfield Terrace Eastbourne BN21 4NN United Kingdom
WARM HOMES RENEWABLES LIMITED,16787146,Active,Private limited company,,,2025-10-15,,,43220 43290,61-63 Stanley Road Bootle L20 7BZ England
FLOWWAVE SOLUTIONS LTD,16788098,Active,Private limited company,,,2025-10-15,,,25210 43220,23 Laurel Bank Mews Blackwell Bromsgrove B60 1PD England
BROWN DECOR LTD,16788056,Active,Private limited company,,,2025-10-15,,,43210 43220 43320,21 Station Road Rushall Walsall WS4 1EP England
HEATAG HOME SOLUTIONS LTD,16791530,Active,Private limited company,,,2025-10-17,,,43220 71111,8 Marine Court Leadenhall Milton Keynes MK6 5LW England
EZE SOLUTIONS LTD,16794259,Active,Private limited company,,,2025-10-19,,,43220,5 Trafalgar Road Dewsbury WF13 4LG United Kingdom
HAYAT ECOMART LIMITED,16795470,Active,Private limited company,,,2025-10-20,,,43220 43290 43999,58 Cranston Gardens London E4 9BQ England
SIOSALES LTD,SC866974,Active,Private limited company,,,2025-10-20,,,43220,61 William Street Kirkcaldy KY1 1TR Scotland
YOUR SUB BROKER LIMITED,16798568,Active,Private limited company,,,2025-10-21,,,43220 43290 43991 43999,Flat 3 Brentmead House 2 Britannia Road London N12 9RS England
MSAAC LTD,16799007,Active,Private limited company,,,2025-10-21,,,43220,"Flat 36, Windrush Court Chichester Wharf Erith DA8 1BE United Kingdom"
247 PLUMBING AND DRAINAGE LTD,16796514,Active,Private limited company,,,2025-10-20,,,43220,20 Churchill Avenue Aylesbury HP21 8NA England
BLACKHEATH BOILERS LTD,16800726,Active,Private limited company,,,2025-10-21,,,43220,63 High Street Chislehurst BR7 5AF England
RB PLUMING LTD,16793705,Active,Private limited company,,,2025-10-17,,,43220,16a Grove Road Northampton NN1 3LQ England
R MCARTHUR HEATING & PLUMBING LIMITED,SC866851,Active,Private limited company,,,2025-10-20,,,43220,84 Pumpherston Road Livingston EH54 5PJ Scotland
GAS HEALTH LTD,16796064,Active,Private limited company,,,2025-10-20,,,43220,54 Manor Road Colchester CO3 3LY England
SC PLUMBING LTD,16796159,Active,Private limited company,,,2025-10-20,,,43220,"Apartment 3 Lansdowne House 43b, Water Street Birmingham B3 1HP United Kingdom"
BOILER CARE 24-7 LTD,16796188,Active,Private limited company,,,2025-10-20,,,43220,35 Sherwood Street Warsop Mansfield NG20 0JR United Kingdom
COOL-A-ROOM LTD,16799002,Active,Private limited company,,,2025-10-21,,,43220,1619 London Road Leigh-On-Sea SS9 2SQ United Kingdom
BMM BUILD LTD,16799472,Active,Private limited company,,,2025-10-21,,,41201 43220,Unit A 82 James Carter Road Mildenhall Bury St. Edmunds IP28 7DE England
BOILERS R US LONDON LIMITED,16800039,Active,Private limited company,,,2025-10-21,,,43220,Unit 15 London Road Swanscombe Business Centre Swanscombe DA10 0LH United Kingdom
DENNY MELLOR PLUMBING & CENTRAL HEATING LTD,16792048,Active,Private limited company,,,2025-10-17,,,43220,1 Hall Farm Drive Thurnscoe Rotherham S63 0JJ England
ENERGY GAS LTD,16793826,Active,Private limited company,,,2025-10-18,,,43220 96090,Suite 5 46a Church Street Church Street Enfield EN2 6AZ England
T.W.HAMMOND LTD,16794365,Active,Private limited company,,,2025-10-19,,,43220,1 Windmill Road Nuneaton CV10 0HL England
S.E PLUMBING & HEATING LTD,16795342,Active,Private limited company,,,2025-10-20,,,43220,48 Christopher Drive Chippenham SN15 3UT England
"MASTERCRAFT PLUMBING, HEATING AND COOLING LTD",16796279,Active,Private limited company,,,2025-10-20,,,43220,66 Meteor Way Whetstone Leicester LE8 6AA England
DRAIN TECH SOLUTIONS LIMITED,16796518,Active,Private limited company,,,2025-10-20,,,37000 43220,4 Hamels Drive Hertford SG13 7SN England
RJ BUILDING SERVICES LTD,16796479,Active,Private limited company,,,2025-10-20,,,43210 43220 43290 43910,5 Wilde Place London SW18 3NS United Kingdom
CALMOR PLUMBING & HEATING ENGINEERS LTD,16797503,Active,Private limited company,,,2025-10-20,,,43220,128 City Road London EC1V 2NX United Kingdom
KNS HEATING AND PLUMBING LTD,16798112,Active,Private limited company,,,2025-10-20,,,43220 43999,29 Gogh Road Aylesbury HP19 8SQ United Kingdom
ARDENT EBONY UPLIFT LTD,SC867151,Active,Private limited company,,,2025-10-21,,,41100 43220 43341 43390,272 Bath Street Glasgow G2 4JR Scotland
COOLHEAT EXPERTS LTD,16803434,Active,Private limited company,,,2025-10-22,,,43220,124-128 City Road London EC1V 2NX United Kingdom
ROMEY MECHANICAL SERVICES LTD,SC867319,Active,Private limited company,,,2025-10-22,,,43220,Unit 6 Lec Court Bog Road Laurieston Falkirk FK2 9PH Scotland
NOVA ENERGY GRANTS LIMITED,16801177,Active,Private limited company,,,2025-10-21,,,43220 43999 73110 96090,932 Middleton Road Oldham OL9 9SB England
CORNEA CONSTRUCTION LTD,16803804,Active,Private limited company,,,2025-10-22,,,43220 43999,33 Bembridge Gardens Luton LU3 3SH England
THE LONDON BOILER SPECIALIST LIMITED,16804007,Active,Private limited company,,,2025-10-22,,,43220,49a Longfellow Road Worcester Park KT4 8BE England
ILKLEY BATH & TAP LTD,16804257,Active,Private limited company,,,2025-10-23,,,43220,The Octagon Wells Road Ilkley LS29 9JB United Kingdom
BLACKHEATH BATHROOMS LTD,16802485,Active,Private limited company,,,2025-10-22,,,43220 43290 43320 74100,63a Granville Park London SE13 7DW England
EMERGENCY PLUMBING AND GAS ASSIST LTD,16810056,Active,Private limited company,,,2025-10-26,,,43220 82200 96090,9 Brightmoor Court Nottingham NG1 1FG England
D M SELLARS PLUMBING LIMITED,16810227,Active,Private limited company,,,2025-10-26,,,43220,44 Beech Mount Leeds LS9 6QU England
SUSTEK LTD,16810277,Active,Private limited company,,,2025-10-26,,,43220 43290 43999,19 Greencroft Road Hounslow TW5 0BQ England
THE HAPPY HVAC COMPANY LIMITED,16810324,Active,Private limited company,,,2025-10-26,,,43220,21 Stoneham Way Basingstoke RG24 9WW England
CT TRADE SOLUTIONS LTD,16810530,Active,Private limited company,,,2025-10-27,,,43220,"3rd Floor, 86-90 Paul Street London EC2A 4NE United Kingdom"
ONE31 ENERGY LTD,16810589,Active,Private limited company,,,2025-10-27,,,43210 43220 72190,20 Wenlock Road London N1 7GU England
VORTEX CARBON LTD,16811009,Active,Private limited company,,,2025-10-27,,,35300 36000 43210 43220,8 Curlew Close Hunstanton PE36 5PT England
PAGU CONSTRUCT LTD,16811190,Active,Private limited company,,,2025-10-27,,,43220 43999,120 Gladesmore Road London N15 6TH England
WEST MIDLAND HEATING LTD,16811901,Active,Private limited company,,,2025-10-27,,,43220,54c Lozells Road Birmingham B19 2TJ England
P&C PLUMBING SOLUTIONS LTD,16812097,Active,Private limited company,,,2025-10-27,,,43220 46740,37 Brickenell Road Calverton Nottingham NG14 6PL England
HARRISSON STEWART PLUMBING SERVICES LTD,SC867750,Active,Private limited company,,,2025-10-27,,,43220,36 Strathcarron Green Paisley PA2 7AQ United Kingdom
EDGE BATHROOM INSTALLATIONS LTD,16812692,Active,Private limited company,,,2025-10-27,,,43220,Frondeg Llandissilio Clynderwen SA66 7TN Wales
CRYSTAL HEATING & COOLING LTD,16806121,Active,Private limited company,,,2025-10-23,,,43220,1 Astor Avenue Romford RM7 9JH England
M J BASSETT PLUMBING LTD,16806206,Active,Private limited company,,,2025-10-23,,,43220,The Outlow Sheen Buxton SK17 0EU United Kingdom
ORRELL PARK HEATING SOLUTIONS LTD,16806575,Active,Private limited company,,,2025-10-23,,,43220,50-52 Bridge Road Litherland Liverpool L21 6PH United Kingdom
FGS RENEWABLE LTD,16807500,Active,Private limited company,,,2025-10-24,,,35220 35230 43220 43390,17 Denholme Road Rochdale OL11 1TS United Kingdom
SEVERNSIDE STOVES LTD,16808017,Active,Private limited company,,,2025-10-24,,,43220,Office 39 Anglo House Worcester Road Stourport-On-Severn DY13 9AW United Kingdom
ARCH PLUMBING & HEATING LIMITED,16809052,Active,Private limited company,,,2025-10-24,,,43220,"26-28 West Street, 2nd Floor Offices Market Square Rochford SS4 1AJ United Kingdom"
HILLSIDE PLUMBING LTD,16809337,Active,Private limited company,,,2025-10-24,,,43220,29a Pershore Close Ilford IG2 6RR England
JRC PLUMBING AND HEATING LTD,16809632,Active,Private limited company,,,2025-10-25,,,43220,249 Edwin Road Gillingham ME8 0JL England
PLUMBING DESTINATION LTD,16804787,Active,Private limited company,,,2025-10-23,,,43220,149 Spon Lane West Bromwich Birmingham B70 6AS England
MACINTYRE PLUMBING LIMITED,16805123,Active,Private limited company,,,2025-10-23,,,43220,6 Clewer House Wolvercote Road London SE2 9TQ United Kingdom
WEFIX BIRMINGHAM LIMITED,16806353,Active,Private limited company,,,2025-10-23,,,16230 43210 43220 43390,2b Midland Road Birmingham B30 2ET United Kingdom
RADICI CONSTRUCTION NORTH EAST LTD,16807183,Active,Private limited company,,,2025-10-24,,,41100 41202 43210 43220,"3rd Floor, 86-90 Paul Street London EC2A 4NE England"
POWERLUX PROPERTY MAINTENANCE LTD,16807517,Active,Private limited company,,,2025-10-24,,,43210 43220 43290 43390,10 Saville Road Romford RM6 6DT England
TWENTY47PLUMBERS LTD,16807733,Active,Private limited company,,,2025-10-24,,,43220,50 Edward St Nuneaton CV115RF United Kingdom
CITY BOILER COVER LTD,16808580,Active,Private limited company,,,2025-10-24,,,43220 95290 96090,97 Gretna Road Newcastle Upon Tyne NE15 7PH England
RELIABLE HVAC SOLUTIONS LIMITED,16808842,Active,Private limited company,,,2025-10-24,,,43220,6 The Old Workhouses North Country Redruth TR16 4AE England
GAS RIGHT LIMITED,16809217,Active,Private limited company,,,2025-10-24,,,43220,103-104 Walter Road Swansea SA1 5QF Wales
FLOW MAINTENANCE LTD,16809302,Active,Private limited company,,,2025-10-24,,,43210 43220,Unit 1 Blenheim Centre Ickenham Road London HA4 7DP United Kingdom
VITALIX LTD,16813455,Active,Private limited company,,,2025-10-27,,,43220 43290 47540 47749,Flat 16 Eagle Lodge Snaresbrook Road London E11 1SP England
ALLIANCE PLUMBING LTD,16814067,Active,Private limited company,,,2025-10-28,,,43220 43390,Unit C 1a Mosedale Road Liverpool L9 3BX England
ALEXANDRU-IONUT NEAGU 2 LTD,16814242,Active,Private limited company,,,2025-10-28,,,43220,16 Bracken Close London E6 5XE England
AM BATH & TILE WORKS LIMITED,16814434,Active,Private limited company,,,2025-10-28,,,43220 43290,220 Shenstone Road Edgbaston Birmingham B16 0NP England
RATANPAL CONSTRUCTION LIMITED,16814615,Active,Private limited by guarantee without share capital,,,2025-10-28,,,43220 43341,7 Crossway Dagenham RM8 2SH England
SVH HEATING AND PLUMBING LIMITED,SC867874,Active,Private limited company,,,2025-10-28,,,43220,8i High Street Penicuik EH26 8HW Scotland
R W GAS SERVICES LTD,16815920,Active,Private limited company,,,2025-10-28,,,43220,6 Forber Road Middlesbrough TS4 3HJ England
LLOYDS BATHROOM & PLUMBING LTD,16816033,Active,Private limited company,,,2025-10-28,,,43220,1 Charles Walker Court Muxton Telford TF2 8NR England
FORMULA PLUMB LTD,16816554,Active,Private limited company,,,2025-10-28,,,43220,25 Spinney Street Raunds Wellingborough NN9 6ES England
PLEWS COOLING SOLUTIONS LTD,16816564,Active,Private limited company,,,2025-10-28,,,43220,52 Bull Lane Liverpool L9 8DB England
GL BUILD & PLUMB LTD,16816567,Active,Private limited company,,,2025-10-28,,,43220 43320 43330 43390,97 Falcon Road Stoke-On-Trent ST3 7FU England
SCOTRO MECHANICAL NE LTD,16768646,Active,Private limited company,,,2025-10-07,,,43220,12 The Castle Stanhope Bishop Auckland DL13 2PZ England
DENNIS HEATING LIMITED,16769115,Active,Private limited company,,,2025-10-07,,,43220,"Unit 9, The Innovation Centre Conyngham Hall Bond End Knaresborough HG5 9AY England"
HYBRID ENERGY GROUP LTD,16770443,Active,Private limited company,,,2025-10-07,,,43220,11 Bamburgh Drive Seaham SR7 7WH England
SUITEHEAT CARDIFF LTD,16754668,Active,Private limited company,,,2025-10-01,,,43220 43290,26 Cwm Nofydd Cardiff CF14 6JX Wales
GIADIA LTD,16754694,Active,Private limited company,,,2025-10-01,,,43210 43220,35 Eve Street Louth LN11 0JJ England
RAPID FACILITIES AND CONSTRUCTION LTD,16758046,Active,Private limited company,,,2025-10-02,,,41201 41202 43210 43220,108 Church Lane West Bromwich B71 1BY England
FSA PLUMBING LTD,16758363,Active,Private limited company,,,2025-10-02,,,43220,4 Chestnut Grove London W5 4JT England
RRR PILATES LIMITED,16761027,Active,Private limited company,,,2025-10-03,,,43220,Belfry House Bell Lane Hertford SG14 1BP England
TOP TAP PLUMBING & BATHROOMS LIMITED,16761668,Active,Private limited company,,,2025-10-03,,,43220,4 Vale Cottages Pits Lane Chedgrave Norwich NR14 6NQ England
CLIFFORD PLUMBING & BATHROOMS LTD,16757493,Active,Private limited company,,,2025-10-02,,,43220,3 St. Marys Close Broughton Astley Leicester LE9 6ES England
ANU CONSTRUCTION LTD,16757772,Active,Private limited company,,,2025-10-02,,,43220 43310,8 Studley Terrace Newcastle Upon Tyne NE4 5PA United Kingdom
VERTAS NW LTD,16758232,Active,Private limited company,,,2025-10-02,,,43220,Suite 6a 10 Duke Street Liverpool L1 5AS England
HEATING SPV LTD,16758689,Active,Private limited company,,,2025-10-02,,,43220 71129,20 Wenlock Road London N1 7GU England
AC PRO LTD,16759109,Active,Private limited company,,,2025-10-02,,,33190 43220,Unit 9 Park Lane Business Centre Park Lane Langham Colchester CO4 5WR England
JA PLUMBING & HEATING (NW) LIMITED,16759604,Active,Private limited company,,,2025-10-02,,,43220,49 Whitehead Drive Wrexham LL11 6BZ United Kingdom
HERITAGE BUILD SOLUTIONS LTD,16760217,Active,Private limited company,,,2025-10-02,,,43220 43310 43390,40 Wigston Road London E13 8QW England
SB EVENTS H-VAC LTD,16760410,Active,Private limited company,,,2025-10-03,,,43220,14 St Georges Avenue Newcastle ST5 8DB England
MOCH DAEAR LTD,16756384,Active,Private limited company,,,2025-10-01,,,43220 58110 59132 85600,8 Crossfield Avenue Lymm WA13 0JL England
FH HEATING SERVICES LTD,16757340,Active,Private limited company,,,2025-10-01,,,43220,21 Links Close Derby DE24 9PF United Kingdom
PELGRAVE & PARKER PLUMBING & HEATING SERVICES LTD,16759079,Active,Private limited company,,,2025-10-02,,,43220,41 Broad Square Liverpool L11 1BR England
JAMES MARC CONTRACTING LIMITED,16759451,Active,Private limited company,,,2025-10-02,,,43220 43320 43330 43390,34 Oak Tree Road Marlow SL7 3EE England
ASN AIR CONDITIONING LTD,16760146,Active,Private limited company,,,2025-10-02,,,43220,9 Homestead Road Caterham CR3 5RN England
AKA HEAT LTD,16761460,Active,Private limited company,,,2025-10-03,,,43220,21 Putnoe Lane Bedford MK41 9AD England
NAYLOR & GALLAGHER CREATE LTD,16772039,Active,Private limited company,,,2025-10-08,,,43210 43220 43390,36 Cambridge Road London SE20 7XL United Kingdom
GREGORY HEATING SERVICES LIMITED,16770910,Active,Private limited company,,,2025-10-08,,,43220,Grange Cottage Chetwode Buckingham MK18 4LE England
REACTIVE REPAIRS LTD,16771683,Active,Private limited company,,,2025-10-08,,,43220 43290,71-75 Shelton Street Covent Garden London WC2H 9JQ United Kingdom
HEAT FLOW SOLUTION PLUMBING AND HEATING LTD,16772290,Active,Private limited company,,,2025-10-08,,,43220,71 Salisbury Road Chatham ME4 5NN England
D&O MURPHY SERVICES LTD,SC865669,Active,Private limited company,,,2025-10-08,,,43220,148 Montrose Crescent Hamilton ML3 6LJ United Kingdom
PIPEDREAM 24/7 LTD,16772941,Active,Private limited company,,,2025-10-08,,,43220,"3rd Floor, 86-90 Paul Street London EC2A 4NE England"
NO.1 CONTRACTORS LTD,16762998,Active,Private limited company,,,2025-10-03,,,43220,73 Tulip Road Awsworth Nottingham NG16 2RS England
HIFLOW HEATING LIMITED,16765193,Active,Private limited company,,,2025-10-06,,,43220,26 Aysgarth Road Batley WF17 7HY England
BINGHAM BUILDING SERVICES LTD,16765316,Active,Private limited company,,,2025-10-06,,,35300 43220,55 55 Princes Gate Exhibition Road London SW7 2PN England
AIRIA HVAC LTD,16765639,Active,Private limited company,,,2025-10-06,,,43210 43220,128 City Road London EC1V 2NX United Kingdom
AHM MECHANICAL SERVICES LIMITED,SC865407,Active,Private limited company,,,2025-10-06,,,43220,38 Brotherton Avenue Livingston EH54 9FN Scotland
TAPS N TRAPS LTD,16767456,Active,Private limited company,,,2025-10-06,,,43220,"3rd Floor, 86-90 Paul Street London EC2A 4NE United Kingdom"
LAL DIN & SON'S LTD,16767514,Active,Private limited company,,,2025-10-06,,,43220 43390,16 Tudors Close Birmingham B10 0DY England
SIMPLY HEATING & PLUMBING LTD,16763749,Active,Private limited company,,,2025-10-05,,,43220,312 Eastern Avenue Ilford IG4 5AA England
B3DFF CONSTRUCTION AND RENOVATION LTD,16764799,Active,Private limited company,,,2025-10-06,,,43220,63 Countess Road Macclesfield SK11 8RX England
SMART COVERS LTD,16766707,Active,Private limited company,,,2025-10-06,,,43220,Flat 2 Archway House 4 Orphanage Road Watford WD17 1PG England
DIRECT PLUMBING SERVICES LIMITED,16766763,Active,Private limited company,,,2025-10-06,,,43220,18 Parkway London N14 6QU England
J & H PLUMBING LTD,16773841,Active,Private limited company,,,2025-10-09,,,43220,Unit 2 262 Walsall Road Cannock WS11 0JL England
LIFETIME PROPERTY SERVICES LTD,SC865746,Active,Private limited company,,,2025-10-09,,,43210 43220 43290 43320,104 Stronsay Drive Aberdeen AB15 6JD Scotland
HP ELECTRICAL AND PLUMBING LTD,16774163,Active,Private limited company,,,2025-10-09,,,41201 43210 43220,30 Constance Grove Dartford DA1 2GA England
JOHN D LINTON PLUMBING & HEATING LTD,16775099,Active,Private limited company,,,2025-10-09,,,43220,"167-169 Great Portland Street, 5th Floor London W1W 5PF England"
RNW PLUMBING & HEATING LTD,16775797,Active,Private limited company,,,2025-10-09,,,43220,48 South Grove Wymington Rushden NN10 9LR England
BOXTREE PROJECTS LTD,16776200,Active,Private limited company,,,2025-10-09,,,43220 43320,91 Woodhall Road Calverley Pudsey LS28 5PW England
FUSION MECHANICAL LTD,16776311,Active,Private limited company,,,2025-10-09,,,43220 71129,72 Hawkesley Mill Lane Birmingham B31 2RL England
STRATOS SERVICES LTD,16776805,Active,Private limited company,,,2025-10-10,,,43220,47 Butt Road Colchester CO3 3BZ England
BELLASJADE LTD,16776814,Active,Private limited company,,,2025-10-10,,,43220 43390,Shotley The Chase Pinner HA5 5QP England
HUDSONâ€™S PLUMBING SOLUTIONS LIMITED,16777056,Active,Private limited company,,,2025-10-10,,,43220,25 The Avenue Doncaster DN5 7HX England
KEE SOLUTIONS LTD,16778295,Active,Private limited company,,,2025-10-10,,,24200 42910 42990 43220,Moorhall Farm Moorhall Farm Clent Stourbridge DY99RY United Kingdom
BUCKS BUILDING SERVICES LIMITED,16782404,Active,Private limited company,,,2025-10-13,,,41100 41202 43220 43390,Apollo Centre Desborough Road High Wycombe HP11 2QW United Kingdom
WEPLUMBNHEAT LIMITED,16785395,Active,Private limited company,,,2025-10-14,,,43220,155 Church Lane East Aldershot GU11 3ST England
GEGA PLUMBING & HEATING SOLUTIONS LTD,16786839,Active,Private limited company,,,2025-10-15,,,43220 95290,2 Wellstead Road London E6 6DD England
BLUEFLAME GAS & PLUMBING LTD,16790120,Active,Private limited company,,,2025-10-16,,,43220,68 Ena Avenue Nottingham NG2 4NB England
NELSON HEATING SOLUTIONS LTD,16791075,Active,Private limited company,,,2025-10-16,,,43220,"Unit S The Wallows Industrial Estate, Fens Pool Avenue Brierley Hill DY5 1QA England"
TKX PLUMBING AND HEATING LTD,16779364,Active,Private limited company,,,2025-10-13,,,43220,"Flat 1, 227 Heath End Road Nuneaton CV10 7HQ England"
AQUA TECH BATHROOM & HEATING LTD,16779687,Active,Private limited company,,,2025-10-13,,,43220,Office 16 Egerton House Birkenhead CH41 1FN United Kingdom
AIRCON WEST MIDLANDS LIMITED,16781103,Active,Private limited company,,,2025-10-13,,,43220,61 Birmingham Road Shenstone Lichfield WS14 0JS England
M.A.M PLUMBING HEATING AND DRAIN LTD,16781098,Active,Private limited company,,,2025-10-13,,,43220,"Unit 2 Lower Ground Floor, 185 Wakefield Road Scissett Huddersfield HD8 9JL United Kingdom"
LEAK RESCUE LTD,16781701,Active,Private limited company,,,2025-10-13,,,43220,17 Farrington Avenue Orpington BR5 3AH England
CLEVERCRAFT PLUMBING LTD,16782833,Active,Private limited company,,,2025-10-14,,,43220,4 Loves Way St. Neots PE19 6AX England
URBAN GAS PLUMBING & HEATING LTD,16783088,Active,Private limited company,,,2025-10-14,,,43220,5 Prince Of Wales Close Waterlooville PO7 8JD United Kingdom
HARVEY HEATING AND COOLING LTD,16785566,Active,Private limited company,,,2025-10-15,,,43220,219 Overdown Road Tilehurst Reading RG31 6NU England
N W PLUMBING & BATHROOMS LIMITED,16789114,Active,Private limited company,,,2025-10-16,,,43220,11b Boundary Road Buckingham Road Industrial Estate Brackley NN13 7ES England
SWANSEA GAS AND OIL LIMITED,16781032,Active,Private limited company,,,2025-10-13,,,43220,6 Bryn Close Swansea SA4 4FN Wales
HEATBOT SMART SOLUTIONS LIMITED,16789672,Active,Private limited company,,,2025-10-16,,,43220,1623 Warwick Road Knowle Solihull B93 9LF England
CFTBPROPERTY LIMITED,16779212,Active,Private limited company,,,2025-10-13,,,41100 43220 43310 43330,71-75 Shelton Street Covent Garden London WC2H 9JQ United Kingdom
MASRAYS TECHNICAL SERVICES LTD,16788599,Active,Private limited company,,,2025-10-16,,,33140 43210 43220,Flat 25 Radford Gate 3 Station Road Sunbury-On-Thames TW16 6SB England
THE PLUMBING AND DRAINAGE COMPANY LTD,16791297,Active,Private limited company,,,2025-10-17,,,43220 71129 73110,5 Brayford Square London E1 0SG England
ZA PLUMBING LIMITED,16778443,Active,Private limited company,,,2025-10-10,,,43220,22 The Green London W3 7PQ England
DMR PLUMBING LTD,16779121,Active,Private limited company,,,2025-10-13,,,43220,"3rd Floor, 86-90 Paul Street London EC2A 4NE England"
DELUX WORX LTD,SC866107,Active,Private limited company,,,2025-10-13,,,43220,85 Glasgow Road Edinburgh EH12 8LJ Scotland
COUNTY AIR CONDITIONING LTD,16781187,Active,Private limited company,,,2025-10-13,,,43220,Sutherland House 1759 London Road Leigh-On-Sea SS9 2RZ United Kingdom
AQUAWAVE PLUMBING LIMITED,16789160,Active,Private limited company,,,2025-10-16,,,43220,240 Washway Road Sale M33 4RB England
K1 PLUMBING & HEATING SERVICES LTD,16778808,Active,Private limited company,,,2025-10-10,,,43220,134 Craven Gardens Ilford IG6 1PS England
JR & JR SERVICES LTD,16779862,Active,Private limited company,,,2025-10-13,,,41201 41202 43210 43220,37 Harley Road London NW10 8BA England
MACLEOD HEATING SERVICES LIMITED,SC866148,Active,Private limited company,,,2025-10-13,,,43220,7b Branahuie Isle Of Lewis HS2 0BB United Kingdom
NC 24/7 PLUMBING LTD,16782364,Active,Private limited company,,,2025-10-13,,,43220,54 Fieldway Dagenham RM8 2BE England
MCP PLUS LTD,16783486,Active,Private limited company,,,2025-10-14,,,43220,Unit 7 Gentlemens Field Westmill Road Ware SG12 0EF England
RD ELECTRICAL & GAS SERVICES LTD,16782981,Active,Private limited company,,,2025-10-14,,,43210 43220,4 Cross Bank Road Newcastle Upon Tyne NE5 3XQ United Kingdom
ELECTRIFYUS LTD,16791333,Active,Private limited company,,,2025-10-17,,,43220 62020 74909,Wenlock Basingstoke Road Reading RG7 1PH United Kingdom
SCOMECH SERVICES LTD,16777496,Active,Private limited company,,,2025-10-10,,,43220 43390 70229,203 West Street Fareham PO160EN England
SOUTHCOAST HEATING LTD,16777180,Active,Private limited company,,,2025-10-10,,,43220,14 Lilac Close Bognor Regis PO22 6SH England
ROY MARRIOTT PLUMBING AND HEATING LTD,16779260,Active,Private limited company,,,2025-10-13,,,43220,56 Mapletoft Avenue Mansfield Woodhouse Notts NG19 8HT United Kingdom
HOLLOWAY HEATING LIMITED,16781711,Active,Private limited company,,,2025-10-13,,,43220,4 Deacon Road Bournemouth BH11 9ER United Kingdom
H2O BATHROOMS LTD,16790681,Active,Private limited company,,,2025-10-16,,,43220 43290 43320,20 Wenlock Road London N1 7GU England
YMN SERVICES LIMITED,16787779,Active,Private limited company,,,2025-10-15,,,43210 43220,25 Bowen Road Rotherham S65 1LH England
HEAT & LOGIC LTD,16788765,Active,Private limited company,,,2025-10-16,,,43220,75 Shakespeare Crescent London E12 6LL England
PRIMEFIX ESSEX MAINTENANCE LTD,16790010,Active,Private limited company,,,2025-10-16,,,41202 43210 43220 95220,90 Burghley Way Chelmsford CM2 9LQ England
PIPECRAFT MECHANICAL LTD,16790217,Active,Private limited company,,,2025-10-16,,,43220,Nithsdale House 159 Cambridge Street Aylesbury HP20 1BQ United Kingdom
WATERLOO DRAINAGE LTD,16792675,Active,Private limited company,,,2025-10-17,,,43120 43220,16 Hurstwood Road London NW11 0AT England
ACE GAS SERVICES LIMITED,16792692,Active,Private limited company,,,2025-10-17,,,43220,11 Trinity Street Bungay NR35 1EH England
GOLDSTRUCT LTD,16794911,Active,Private limited company,,,2025-10-20,,,41202 43210 43220 71129,27-37 Hayes Accountants Station Road Hayes UB3 4DX England
SWANA LIMITED,16797544,Active,Private limited company,,,2025-10-20,,,41100 41202 43220,68 Bolingbroke Road Coventry CV3 1AQ United Kingdom
HOME WORKS LONDON UNIVERSAL UK LTD,16790467,Active,Private limited company,,,2025-10-16,,,43210 43220 43330 43341,Room 06 1 Summerfield Road Luton LU1 1UH United Kingdom
PROFIXHEATMASTERS PLUMBERS & ELECTRICIANS LTD,16800529,Active,Private limited company,,,2025-10-21,,,43220,30 Pine Gardens Ruislip HA4 9TL England
BKAY PLUMBING & HEATING LIMITED,16800489,Active,Private limited company,,,2025-10-21,,,43220 43341 81210 95220,16 Thurmond Road 16 Thurmond Road Winchester SO22 4DE United Kingdom
YELLOW ROSE PROPERTY SERVICES LTD,16801488,Active,Private limited company,,,2025-10-22,,,41202 43210 43220,Unit 21 Sundon Industrial Estate Dencora Way Luton LU3 3HP England
TTM GAS AND HEATING SERVICES LIMITED,16801909,Active,Private limited company,,,2025-10-22,,,43220,Flat 80 Rivermead House Homerton Road London E9 5QT England
FISSION DEVELOPMENTS LTD,16792921,Active,Private limited company,,,2025-10-17,,,43220,50 Laburnum Drive Larkfield Aylesford ME20 6LU England
PLUMBRITE WOLVERHAMPTON LTD,16796291,Active,Private limited company,,,2025-10-20,,,43220,16 Wimborne Road Wolverhampton WV10 0NS England
W LUXURY BATHROOMS LIMITED,16797430,Active,Private limited company,,,2025-10-20,,,43220,3365 The Pentagon Century Way Thorpe Park Leeds LS15 8ZB England
SNM PLUMBING AND HEATING LTD,16798007,Active,Private limited company,,,2025-10-20,,,43220,276 Scraptoft Lane Leicester LE5 1PA England
STREAMLINE HVAC LTD,16802696,Active,Private limited company,,,2025-10-22,,,43220,100 Radbourne Street Derby DE22 3BU United Kingdom
JH MECHANICAL & GAS LTD,NI734525,Active,Private limited company,,,2025-10-17,,,43220,7 Simpsons Brae Derry BT47 6DL Northern Ireland
A TO Z EXTERNAL SOLUTIONS LTD,16793550,Active,Private limited company,,,2025-10-17,,,43220 43290,Unit1 Ashbridge Farm Road Bassingbourn Royston SG8 5PG England
STEWY PLUMBING LTD,16797320,Active,Private limited company,,,2025-10-20,,,43220,28 Haydock Road Colburn Catterick Garrison DL9 4BN England
BELYVAR LTD,16800706,Active,Private limited company,,,2025-10-21,,,43220,16 Laxton Close Luton LU2 8SJ England
TS PLUMBING & BATHROOMS LTD,16800965,Active,Private limited company,,,2025-10-21,,,43220,62 Lingfield Ash Middlesbrough TS8 0ST United Kingdom
HEATX SOLUTIONS LIMITED,16803399,Active,Private limited company,,,2025-10-22,,,43210 43220,119 Groveway Dagenham RM8 3XL United Kingdom
RATCHFORD PLUMBING HEATING LTD,16804609,Active,Private limited company,,,2025-10-23,,,43220,5 Whitkirk Lane Leeds LS15 8NL England
CHARNOCK PLUMBING & HEATING LTD,16792391,Active,Private limited company,,,2025-10-17,,,43220,22b Melbourne Avenue West Ealing London W13 9BT United Kingdom
SATSUUMA HEAT PUMPS LTD,16799112,Active,Private limited company,,,2025-10-21,,,43220,"3rd Floor, 86-90 Paul Street London EC2A 4NE England"
WEMBLEY HEATING & PLUMBING LTD,16804147,Active,Private limited company,,,2025-10-23,,,43220,Flat 19 Loxley House Hirst Crescent Wembley HA9 7HL England
SUREHEAT SERVICES LIMITED,16805194,Active,Private limited company,,,2025-10-23,,,43220,23 Benham Road London W7 1AQ England
PW PLUMBING AND HEATING LTD,16794609,Active,Private limited company,,,2025-10-19,,,43220,15 Long Mill North Wolverhampton WV11 1JD England
HUSCO SERVICES LTD,16795107,Active,Private limited company,,,2025-10-20,,,43220,321-323 High Road Romford RM6 6AX England
SP PLUMBING (SUSSEX) LTD,16798634,Active,Private limited company,,,2025-10-21,,,43220,"1st Floor, 6-7 Clock Park Shripney Road Bognor Regis PO22 9NH England"
NG PLUMBING AND PROPERTY LIMITED,16799943,Active,Private limited company,,,2025-10-21,,,43220 68100,76 Kirklington Road Rainworth Mansfield NG21 0JX England
ETTERIDGE & CO LTD,16799326,Active,Private limited company,,,2025-10-21,,,41202 43220 43341,19 Birch Drive Attleborough NR17 2HF England
MAZEL BLUE LIMITED,16803512,Active,Private limited company,,,2025-10-22,,,43220,20 Westerham Avenue London N9 9BU England
WOODHOUSE PROPERTY & MAINTENANCE LTD,NI734507,Active,Private limited company,,,2025-10-17,,,01300 43220 43390 68209,108 Dungannon Road Portadown Craigavon BT62 1LH Northern Ireland
NEXTPHASE BUILDERS LTD,16794346,Active,Private limited company,,,2025-10-19,,,43220 43290,79 Station Street West Coventry CV6 5NA England
NEXTGEN VENTILATION LIMITED,16795256,Active,Private limited company,,,2025-10-20,,,43220,"167-169 Great Portland Street, 5th Floor London W1W 5PF England"
SIMON GRIFFITHS PLUMBING AND HEATING LIMITED,16796423,Active,Private limited company,,,2025-10-20,,,43220,4 The Brackens Locks Heath Southampton SO31 6TU England
PROGRESS HEATING & PLUMBING LTD,16796667,Active,Private limited company,,,2025-10-20,,,43220,Staffordshire Knot Pinfold Street Wednesbury WS10 8TE United Kingdom
HENWORTH MECHANICAL  & ELECTRICAL LIMITED,16800533,Active,Private limited company,,,2025-10-21,,,43210 43220 43999,Unit 5a Fields End Business Park Rotherham S63 0JF United Kingdom
DARREN VOGAN LTD,NI734642,Active,Private limited company,,,2025-10-21,,,43220,50 Drumford Close Portadown BT63 5RQ Northern Ireland
GOSFORTH PLUMBING CO. LTD,16801750,Active,Private limited company,,,2025-10-22,,,43220,7 Russell Square Seaton Burn Newcastle Upon Tyne NE13 6HR United Kingdom
BEIER CONSULTING LTD,16801949,Active,Private limited company,,,2025-10-22,,,41201 43220 43999,"James Wright & Co, Suite 110, Airport House 265 Purley Way Croydon CR0 0XZ England"
GAS TOUCH PLUMBING & HEATING LTD,16802155,Active,Private limited company,,,2025-10-22,,,43220,14 Southbrook Terrace Bradford BD7 1AD England
PRIMEFLOW HEATING LTD,16803955,Active,Private limited company,,,2025-10-22,,,43220,95 Havelock Road Southall UB2 4PB England
WALSALL PLUMBING & BATH LTD,16805392,Active,Private limited company,,,2025-10-23,,,43220 81229,149 Spon Lane West Bromwich Birmingham B70 6AS England
BLUE FLAME SOLUTIONS LTD,16807046,Active,Private limited company,,,2025-10-24,,,43220,Apartment 13 Punam Apartments 1c Blyth Road Hayes UB3 1BY England
RIO PLUMBING LTD,16810246,Active,Private limited company,,,2025-10-26,,,43220,14 Grazebrook Road Dudley DY2 8SX England
STOKEY GAS LTD,16812330,Active,Private limited company,,,2025-10-27,,,43220,36 Osbaldeston Road London N16 7DP England
PREMIER RESPONSE LTD,16814087,Active,Private limited company,,,2025-10-28,,,35140 43220,5 Hill Farm Road Long Stratton Norwich NR15 2WA England
PAT CONROY PLUMBING HEATING AND BUILDING SERVICES LTD,SC867913,Active,Private limited company,,,2025-10-28,,,43220,17 Abbey Gardens Coupar Angus Blairgowrie PH13 9EN Scotland
IMPELLER PUMPS LIMITED,16806181,Active,Private limited company,,,2025-10-23,,,28131 43220 71129,1b Albert Road Margate CT9 5AN England
HEATED PLUMBING LTD,16810092,Active,Private limited company,,,2025-10-26,,,43220,33 Reynolds Close Biggleswade SG18 0QL England
AVL BOILERS LTD,16812655,Active,Private limited company,,,2025-10-27,,,43220,16 Shepherds Way Crowthorne RG45 6AJ England
ABLE PLUMBING AND HEATING LIMITED,16813189,Active,Private limited company,,,2025-10-27,,,43220,57 Dawlish Avenue Southampton SO15 5HQ England
PUREGAS LTD,16814238,Active,Private limited company,,,2025-10-28,,,43220,27 Moor Copse Close Earley Reading RG6 7NA England
MM COOLZONE LTD,16814233,Active,Private limited company,,,2025-10-28,,,43220,36 Newport Grove Newcastle ST5 7QL England
PAUL BROOKES GAS SERVICES LTD,16813480,Active,Private limited company,,,2025-10-27,,,43220,"C/O Burton Varley Ltd Suite 3, 2nd Floor, Didsbury House 748-754 Wilmslow Road Manchester M20 2DW United Kingdom"
FIXRO LTD,16811847,Active,Private limited company,,,2025-10-27,,,43210 43220 43290 43390,71-75 Shelton Street Covent Garden London WC2H 9JQ United Kingdom
DIAMOND CLEANING AND MAINTENANCE SOLUTIONS LTD,16811836,Active,Private limited company,,,2025-10-27,,,43220 43390 81210 81299,809 Salisbury House 29 Finsbury Circus London EC2M 7AQ United Kingdom
HEATING AND PLUMBING SERVICES 24/7 LTD,16812680,Active,Private limited company,,,2025-10-27,,,43220,4 West Place Tentelow Lane Southall UB2 4LF England
ENHANCED HEATING AND PLUMBING LTD,16814140,Active,Private limited company,,,2025-10-28,,,43220,1 Elwyn Drive Merthyr Tydfil CF47 0AN Wales
GAS SAFE CENTER LTD,16814639,Active,Private limited company,,,2025-10-28,,,41201 41202 43220,48 Kingfisher Drive Richmond TW10 7UE England
EVE HEATING SOLUTIONS LIMITED,16815733,Active,Private limited company,,,2025-10-28,,,43220 43290 71129,13 Sherwood Gardens London E14 9WN England
E&P STOTHARD PLUMBING AND HEATING LTD,16809661,Active,Private limited company,,,2025-10-25,,,43220,5 Cliffe Road Gonerby Hill Foot Grantham NG31 8HL England
RLM INSTALLATIONS NW LIMITED,16810125,Active,Private limited company,,,2025-10-26,,,43220 46740,32 Danesway Swinton Manchester M27 4JS England
HVAC CRAFTERS LTD,16811083,Active,Private limited company,,,2025-10-27,,,43220,34 Hornbeam Road Buckhurst Hill IG9 6JT England
J B PLUMBING HEATING LTD,16811263,Active,Private limited company,,,2025-10-27,,,43220,6 Ambrose Court Blaydon-On-Tyne NE21 6PF United Kingdom
TRANSFORM INTERIORS NE LTD,16811785,Active,Private limited company,,,2025-10-27,,,43220,Unit 3b Linden Park Number One Industrial Estate Consett DH8 6SZ England
CLEARFLOW SYSTEMS LTD,16811752,Active,Private limited company,,,2025-10-27,,,37000 41202 43220 43290,Unit 4l Hazelbottom Road Manchester M8 0GQ United Kingdom
NXGN SERVICES LTD,16807164,Active,Private limited company,,,2025-10-24,,,43220 43290,43 Goldthorn Road Wolverhampton WV2 4PJ England
GLENRIDGE LTD,16811621,Active,Private limited company,,,2025-10-27,,,43220,11 Rydes Avenue Guildford GU2 9SR England
FATEH AIR CONDITIONING LTD,16812354,Active,Private limited company,,,2025-10-27,,,43220,13 Ballard Road Dudley DY2 9EY United Kingdom
JCA PLUMBING AND HEATING LIMITED,16815791,Active,Private limited company,,,2025-10-28,,,43220,The Oaks Seven Hills Road Iver SL0 0PA England
LS1 PLUMBING LTD,16815790,Active,Private limited company,,,2025-10-28,,,43220,Unit 1 Feast Field Horsforth Leeds LS18 4TJ England
CROWN BUILD CONSTRUCTIONS LTD,16792909,Active,Private limited company,,,2025-10-17,,,41202 43220 43290 43390,73 Pevensey Road Slough SL2 1UG England
ARRAN BRADLEY LIMITED,16811177,Active,Private limited company,,,2025-10-27,,,43220,2 Adam Street Talybont SY24 5ES United Kingdom
HALGEN LTD,16813056,Active,Private limited company,,,2025-10-27,,,43210 43220 70229 71122,"Suites C,D,E,F 14th Floor The Plaza Old Hall Street Liverpool L3 9QJ United Kingdom"
DRAINSBAY UTILITIES LTD,NI734829,Active,Private limited company,,,2025-10-27,,,43220,120a Main Street Larne BT40 1RG United Kingdom
AQUA BLAZE LTD,16814307,Active,Private limited company,,,2025-10-28,,,43220,13 Avoca Close Leicester LE5 4RA England
ACME MAINTENANCE & SERVICES LTD,16802233,Active,Private limited company,,,2025-10-22,,,43220 45200 81210,Unit 8 Riverside 2 Quay Road Newton Abbot TQ12 4DZ England
FOX GAS LTD,16803774,Active,Private limited company,,,2025-10-22,,,43220,16 Forest Rise Groby Leicester LE6 0BB England
SILVERLAND PLUMBING LIMITED,16801182,Active,Private limited company,,,2025-10-21,,,43220,61 Middleton Road Birmingham B14 7HX England
CLIMATE HEATING SERVICES LIMITED,16802324,Active,Private limited company,,,2025-10-22,,,43220,8 Saddlers Close Huntington York YO32 9LU United Kingdom
D S PLUMBING HEATING & GAS SERVICES LIMITED,16802316,Active,Private limited company,,,2025-10-22,,,43220,21 Orchards Residential Park Slough SL3 6QJ England
JWW AIR CONDITIONING LIMITED,16802512,Active,Private limited company,,,2025-10-22,,,43220,The Stables 23b Lenten Street Alton GU34 1HG England
HUTCHINSON'S PLUMBING AND HEATING LTD,16803389,Active,Private limited company,,,2025-10-22,,,43220,46a Newton Road Great Ayton Middlesbrough TS9 6EA United Kingdom
THAT KITCHEN FITTER LTD,16771775,Active,Private limited company,,,2025-10-08,,,43210 43220 43320 43330,71-75 Shelton Street Covent Garden London WC2H 9JQ United Kingdom
HIGGYS HEAT PUMPS LIMITED,16772717,Active,Private limited company,,,2025-10-08,,,43220,14-40 Victoria Road Aldershot GU11 1TQ England
LAB PLUMBING & HEATING LTD,16773168,Active,Private limited company,,,2025-10-08,,,43220,106 Middleham Close Ouston Chester Le Street DH2 1TB England
JP REFRIGERATION LTD,16774164,Active,Private limited company,,,2025-10-09,,,43220,20 Wenlock Road London N1 7GU England
ECO DELIVERY PARTNERSHIP LTD,16774585,Active,Private limited company,,,2025-10-09,,,43220 43290,Ibc Hillhouse International Works Fleetwood Road North Thornton-Cleveleys FY5 4QD United Kingdom
CEC COOLING SERVICES LIMITED,16776055,Active,Private limited company,,,2025-10-09,,,43220,4 Bannock Street Stoke-On-Trent ST3 6SL England
R WALTON PLUMBING & HEATING LTD,16776656,Active,Private limited company,,,2025-10-10,,,43220,18a Rother Court Mangham Road Parkgate Rotherham S62 6DR England
ECOTHERM HEATING & ENERGY SOLUTIONS LTD,16773885,Active,Private limited company,,,2025-10-09,,,43220,24 Gayal Croft Shenley Brook End Milton Keynes MK5 7HX England
BROWN'S PLUMBING & GAS LTD,16775366,Active,Private limited company,,,2025-10-09,,,43220,11 Cedar Drive Tamworth B79 8QL England
HEATMATE LTD,SC865855,Active,Private limited company,,,2025-10-09,,,43220,89 Angus Avenue Glasgow G52 3ET Scotland
CORVA LTD,16777051,Active,Private limited company,,,2025-10-10,,,43210 43220 81210 96090,20 Wenlock Road London N1 7GU England
LINC M&E PLUMBING LIMITED,16777363,Active,Private limited company,,,2025-10-10,,,43220,7 Manor Road Carlby Lincolnshire PE10 9NA United Kingdom
KAM SURVEYS LTD,16777881,Active,Private limited company,,,2025-10-10,,,43220 71122 74902,Suite 6672 Unit 3a 34-35 Hatton Garden London EC1N 8DX England
STEVE COULTER PLUMBING & HEATING LTD,16777868,Active,Private limited company,,,2025-10-10,,,43220,44 Cheviot Road Luton LU3 3DQ England
AIRMC LTD,16757450,Active,Private limited company,,,2025-10-02,,,43220,50 Leech Brook Avenue Manchester M34 5JT United Kingdom
EFFICIENCY FIRST LTD,16759550,Active,Private limited company,,,2025-10-02,,,43220 43910,Central House Central Street Halifax HX1 1HU England
LANDLORDS CERTIFICATIONS PVT LTD,16759554,Active,Private limited company,,,2025-10-02,,,43210 43220,27 Old Gloucester Street London WC1N 3AX United Kingdom
SAFETY FIRST GAS AND PLUMBING LTD,16767532,Active,Private limited company,,,2025-10-06,,,43220,43 Station Road Delamere Northwich CW8 2HU England
BLACK GAS PLUMBING AND HEATING LTD,16809348,Active,Private limited company,,,2025-10-24,,,43220,49 Spencer Avenue Cheshunt Waltham Cross EN7 6RP England
THE EMERGENCY CREW LTD,16809573,Active,Private limited company,,,2025-10-24,,,41202 43210 43220 43341,183 Stoke Road Slough SL2 5AX England
MY BOILER LTD,SC867645,Active,Private limited company,,,2025-10-25,,,41202 43210 43220 43310,90 Whitacres Road Glasgow G53 7LJ Scotland
JRT INSTALLS LIMITED,16810124,Active,Private limited company,,,2025-10-26,,,43220 46740,1 Dane Mews Poulton-Le-Fylde FY6 8FD England
BLUECIRCUIT TECH LTD,16810869,Active,Private limited company,,,2025-10-27,,,43210 43220,100 Hamilton Crescent Harrow HA2 9JD United Kingdom
A.K.M NW PLUMBING & HEATING LTD,16810932,Active,Private limited company,,,2025-10-27,,,43220,61 Warrenside Close Ramsgreave Blackburn BB1 9PE England
OK PLUMBING AND BUILDING SERVICES LIMITED,16811142,Active,Private limited company,,,2025-10-27,,,41202 43220 43341 46740,27 Nunts Lane Coventry CV6 4HD England
BOILER PRO & PLUMBING LTD,16811425,Active,Private limited company,,,2025-10-27,,,43220,"Unit 3, Building B Green Court Truro Business Park Threemilestone TR4 9LF England"
MSM MECHANICAL SERVICES LIMITED,16811721,Active,Private limited company,,,2025-10-27,,,43220,Suite 7 Europa House 11 Marsham Way Gerrards Cross SL9 8BQ England
ACC CONTRACTORS LTD,16812318,Active,Private limited company,,,2025-10-27,,,43220 43390 43910 43999,428a Watford Way London NW7 2QJ England
SAF PLUMBING SOLUTIONS LTD,16804183,Active,Private limited company,,,2025-10-23,,,43220,"3rd Floor, 86-90 Paul Street London EC2A 4NE United Kingdom"
SOULFLOW GROUP LIMITED,16804225,Active,Private limited company,,,2025-10-23,,,43220 46740,49 Dartford Road Sevenoaks TN13 3TE England
IGNITE GAS GROUP LTD,16805327,Active,Private limited company,,,2025-10-23,,,43220,17 Vincent Street Bolton BL1 4SA England
NEWBRIDGE HEATING SERVICES LTD,SC867439,Active,Private limited company,,,2025-10-23,,,43220,30 Glasgow Road Edinburgh EH12 8HL Scotland
VITAUT LTD,16807174,Active,Private limited company,,,2025-10-24,,,43220 43290,10 Strawberry Terrace Coppetts Road London N10 1JZ England
CDM MECHANICAL LTD,16807823,Active,Private limited company,,,2025-10-24,,,43220,"Unimix House, Platinum Suite Abbey Road London NW10 7TR United Kingdom"
HEY! HEATING & PLUMBING LIMITED,16804332,Active,Private limited company,,,2025-10-23,,,43220,5 Poppy Drive Kirk Ella Hull HU10 7FF England
INSUSMART LTD,16805102,Active,Private limited company,,,2025-10-23,,,43220,176-178 Pontefract Road Cudworth Barnsley S72 8BE England
K DAVIES PLUMBERS LTD,16805215,Active,Private limited company,,,2025-10-23,,,43220 73110,16 Langford Drive Southport PR8 5QD England
AMAX ENERGY LTD,SC867381,Active,Private limited company,,,2025-10-23,,,43220 43290 47789,Unit 1 Avalon Business Park Guardbridge KY16 0UB United Kingdom
DPH PLUMBING & HEATING LTD,NI734714,Active,Private limited company,,,2025-10-23,,,43220,9 St. Dillion Court Downpatrick BT30 6WS Northern Ireland
SOUTHFREEZE REFRIGERATION LTD,16805746,Active,Private limited company,,,2025-10-23,,,43220,3 The Brache Maulden Bedford MK45 2DZ England
S C WHATLEY LTD,16806365,Active,Private limited company,,,2025-10-23,,,43220,Elson Geaves Forest Links Road Ferndown BH22 9PH England
LOVE BUILDING GROUP LIMITED,16806361,Active,Private limited company,,,2025-10-23,,,41202 43210 43220 43390,42 Blue Leaves Avenue Coulsdon CR5 1NU England
ALL ELEMENTS BUILDING COMPANY LTD,16806394,Active,Private limited company,,,2025-10-23,,,43210 43220 43290 43390,27 Harwich Road Colchester CO4 3BP England
PRIME INNOVATIVE RENOVATION LTD,16807415,Active,Private limited company,,,2025-10-24,,,41202 43210 43220 43390,28 Albion Street Oldbury B69 3EY United Kingdom
CLIMATE WISE GROUP LTD,16808184,Active,Private limited company,,,2025-10-24,,,43220,1 Hall Lane Yateley GU46 6HH England
JL BATHROOMS LTD,16808473,Active,Private limited company,,,2025-10-24,,,43220 43290 43330 43999,17 Staincliffe Crescent Dewsbury WF13 4RG England
"APEX HEATING, PLUMBING AND GAS SYSTEMS LIMITED",16808743,Active,Private limited company,,,2025-10-24,,,33190 43220,19 Vine Mews Vine Street Evesham WR11 4RE United Kingdom
HOMES HEATINGS AND PLUMBING LTD,16809140,Active,Private limited company,,,2025-10-24,,,43220,18 Elmcroft Road Orpington BR6 0HY England
PRO-HEAT BOILER CARE LIMITED,16809154,Active,Private limited company,,,2025-10-24,,,43220,Old Post Office Main Street Weston Newark NG23 6ST England
FLOORPLAN PLUMBING & GAS ENGINEERING LTD,16812830,Active,Private limited company,,,2025-10-27,,,43220,95-97 Ground Floor C/O Proficient Tax High Street Southend-On-Sea SS1 1HS England
DOCTOR BOILER LIMITED,16812806,Active,Private limited company,,,2025-10-27,,,43220,Greystone Offices Limes Business Centre 5 Birmingham Road Walsall WS1 2LT United Kingdom
CHIMEX HEAT & SOLAR SOLUTIONS LTD,16813125,Active,Private limited company,,,2025-10-27,,,43220,27-28 Alexandra Parade Weston-Super-Mare BS23 1QX England
JT PROPERTY UK SERVICES LTD,16814453,Active,Private limited company,,,2025-10-28,,,43220 43290 43390 43999,18 Orchard Mead Broadwindsor DT8 3RA United Kingdom
CKM - PLUMBING LTD,16814630,Active,Private limited company,,,2025-10-28,,,43220,4 Cricklade Street Swindon SN1 3EY England
BLUE RISE PLUMBING AND HEATING LTD,16815143,Active,Private limited company,,,2025-10-28,,,43220,1711 High Street Knowle Solihull B93 0LN England
CASTELLE LTD,16757992,Active,Private limited company,,,2025-10-02,,,43220 95220,The Grove Rax Lane Bridport DT6 3JL United Kingdom
THERMA HEATING & RENEWABLES LTD,16760451,Active,Private limited company,,,2025-10-03,,,43220,15 Westland Road Merley BH21 3FQ United Kingdom
FAIRWAYS GAS SERVICES LTD,16755775,Active,Private limited company,,,2025-10-01,,,43220,255 Harrogate Road Bradford BD2 3RQ England
UK HOME RENOVATIONS LTD,SC864807,Active,Private limited company,,,2025-10-01,,,43220 43290 43341 81300,2/3 48 West George Street Glasgow G2 1BP Scotland
THE BARKING PLUMBER LTD,16756144,Active,Private limited company,,,2025-10-01,,,43220,52 Edgefield Avenue Barking IG11 9JN United Kingdom
COURTNEY PROPERTY SERVICES LIMITED,16760670,Active,Private limited company,,,2025-10-03,,,43220,24 Lockers Park Lane Hemel Hempstead HP1 1TH United Kingdom
SYNGAS LTD,16763952,Active,Private limited company,,,2025-10-05,,,43220 43290 71122,17 Woodlands Road Sparkhill Birmingham B11 4EH England
TYLERS AC CONTRACTORS LIMITED,16769684,Active,Private limited company,,,2025-10-07,,,43220,25 Longlands Road Welwyn Garden City AL7 3QD England
JED MECH SERVICES LTD,16755019,Active,Private limited company,,,2025-10-01,,,43220,51a Wattisham Road Bildeston Ipswich IP7 7EG England
LMAO LIMITED,16755020,Active,Private limited company,,,2025-10-01,,,43220,Flat 16 Halstow Queens Crescent London NW5 4EH England
ENRIK PLUMBING & HEATING LTD,16756701,Active,Private limited company,,,2025-10-01,,,43220,Unit 104 The Light Box 111 Power Road Chiswick W4 5PY United Kingdom
CHRISFIX SERVICES LIMITED,16767718,Active,Private limited company,,,2025-10-06,,,43210 43220 43341 95240,89 Boundary Road Chatham ME4 6UQ England
AQUASMART PLUMBING AND HEATING LTD,16767717,Active,Private limited company,,,2025-10-06,,,43220,6 Winscombe Bracknell RG12 8UD England
BISO'S PLUMBING AND HEATING LTD,16755265,Active,Private limited by guarantee without share capital,,,2025-10-01,,,43220,17 Patching Way Hayes UB4 9YD England
TGM GAS LTD,16757171,Active,Private limited company,,,2025-10-01,,,43220,27 Wilson Place Crewe CW1 3AA England
KARZASTRO GLOBAL LIMITED,SC865271,Active,Private limited company,,,2025-10-05,,,43220 46900 82990 85600,3 Berneray Court Inverness IV2 3BF Scotland
24 H PROPERTY MAINTENANCE LTD,16764151,Active,Private limited company,,,2025-10-06,,,43220,20 Wenlock Road London N1 7GU England
TOP GAS CONTRACTORS LIMITED,16765913,Active,Private limited company,,,2025-10-06,,,43220,227a West Street Fareham PO16 0HZ England
IGNITE HEATING SOLUTIONS LTD,16765909,Active,Private limited company,,,2025-10-06,,,43220,72 Cardigan Street Luton LU1 1RR England
LMJ MECHANICAL GROUP LTD,16766318,Active,Private limited company,,,2025-10-06,,,43220,23 Farnworth Street Widnes WA8 9LH United Kingdom
ER PLUMBING & HEATING LTD,16768992,Active,Private limited company,,,2025-10-07,,,43220,108b Newgate Street Bishop Auckland DL14 7EQ England
ARCHIES HEATING & PLUMBING LTD,SC865599,Active,Private limited company,,,2025-10-08,,,43220,1/2 112 Keppochhill Road Glasgow G21 1SU Scotland
ECO HEAT & COOL LTD,16755246,Active,Private limited company,,,2025-10-01,,,43220,71-75 Shelton Street Covent Garden London WC2H 9JQ United Kingdom
EDWARDS GAS SERVICES LIMITED,16756076,Active,Private limited company,,,2025-10-01,,,43220,28 West Street Dunstable LU6 1TA United Kingdom
NIVAS INTERIORS LIMITED,16756812,Active,Private limited company,,,2025-10-01,,,43220 43290 43320 43390,The Generator Business Centre Unit 20 95 Miles Road Mitcham CR4 3FH England
GAS FIXER LTD,SC865026,Active,Private limited company,,,2025-10-02,,,43220,66 Quarry Road Fauldhouse Bathgate EH47 9HA Scotland
YB BUILDING SERVICES LTD,16760493,Active,Private limited company,,,2025-10-03,,,43220,22 Earl's Court Square London SW5 9DN England
POWELL RENOVATIONS LTD,16762978,Active,Private limited company,,,2025-10-03,,,43220,24 Warbank Close New Addington Croydon CR0 0AX England
WATERLOO HEAT NETWORK LIMITED,16755086,Active,Private limited company,,,2025-10-01,,,42210 43220,Castletown Office Castletown Rockcliffe Carlisle CA64BN United Kingdom
AMS HEATING AND GAS SERVICES LTD,16762604,Active,Private limited company,,,2025-10-03,,,43220,16a High Street Cleator Moor CA25 5AH United Kingdom
OXFORD PROPERTY SOLUTIONS LTD,16757473,Active,Private limited company,,,2025-10-02,,,43220 43330 43341 81299,3 Knollys Close Abingdon OX14 1XN England
CLEAR FLOW SOLUTIONS LTD,16761324,Active,Private limited company,,,2025-10-03,,,43220,167 - 169 Great Portland Street 5th Floor London W1W 5PF England
ZEPHYRAIRSOLUTIONS LTD,16763509,Active,Private limited company,,,2025-10-05,,,43220,2 Bissley Drive Maidenhead SL6 3UZ United Kingdom
NEXT GEN HEATING LTD,16764028,Active,Private limited company,,,2025-10-05,,,43220,41 Ozanam Court Portmead Swansea SA5 5JH Wales
FA ENERGY LTD,16768094,Active,Private limited company,,,2025-10-07,,,33130 33140 43220,Flat 24 Boniface House 87 Canterbury Road London CR0 3HH England
VISION MAINTENANCE AND SOLUTIONS LTD,16758361,Active,Private limited company,,,2025-10-02,,,33140 43220 95220,Unit 82a James Carter Road Mildenhall Bury St. Edmunds IP28 7DE England
BRITCOOL LTD,16769058,Active,Private limited company,,,2025-10-07,,,33190 43220 46520 46900,Unit 1b Holly House Holly Street Doncaster DN1 3TR United Kingdom
CONNOLLY OPERATIONS LTD,16769269,Active,Private limited company,,,2025-10-07,,,43220,12 Leigh Common Westhoughton Bolton BL5 3TQ England
CDS CLARKE DEVELOPMENT SOLUTIONS LTD,16779543,Active,Private limited company,,,2025-10-13,,,41100 41202 43210 43220,35 Farriers Way Huddersfield HD3 3FS England
CÅ´L TECH CYF.,16780485,Active,Private limited company,,,2025-10-13,,,43220,46 James Street Markham Blackwood NP12 0QP Wales
AEB GAS LTD,16780724,Active,Private limited company,,,2025-10-13,,,43220,Co Aurora Accountants Regent House Bath Avenue Wolverhampton WV1 4EG United Kingdom
NAWOC LTD,16781414,Active,Private limited company,,,2025-10-13,,,43220,20 Ivydene Close Trevethin Pontypool NP4 8DP Wales
M A DALWOOD PLUMBING AND HEATING LTD,16781489,Active,Private limited company,,,2025-10-13,,,43220,"Pinnacle Accountancy Services Ltd, Commerce House North Street Martock TA12 6DH United Kingdom"
WHITEHEAD PLUMBING & HEATING LTD,16782433,Active,Private limited company,,,2025-10-14,,,43220,117 Balmoral Avenue Huddersfield HD4 5LQ England
MIDLANDS DUSTERS LTD,16782614,Active,Private limited company,,,2025-10-14,,,43220 70229 81210,21 Rangers Rise Donington Le Heath Coalville LE67 2JN United Kingdom
SPECTRUM COMBINED SERVICES LIMITED,16782667,Active,Private limited company,,,2025-10-14,,,43220 61900 80200 84250,The Old Co-Op Buildings Hexham Road Newcastle Upon Tyne NE15 9SR United Kingdom
MOZTEK SOLUTIONS LTD,16782864,Active,Private limited company,,,2025-10-14,,,43220,39 Quinton Close Hatton Park Warwick CV35 7TN England
RJO GAS SERVICES LTD,16783057,Active,Private limited company,,,2025-10-14,,,43220,3 Woolifers Avenue Corringham Stanford-Le-Hope SS17 9AU United Kingdom
AQUACORE LTD,16783259,Active,Private limited company,,,2025-10-14,,,41100 43220 43320 43330,71-75 Shelton Street Covent Garden London WC2H 9JQ United Kingdom
RLG KITCHENS AND BATHROOMS LTD,16783467,Active,Private limited company,,,2025-10-14,,,43220 43290,3 Lower Carpalla Terrace Carpalla Foxhole St. Austell PL26 7TY United Kingdom
247PLUMBINGSERVICES LTD,16778923,Active,Private limited company,,,2025-10-11,,,43220,27 Wroxham Close Bury BL81EN United Kingdom
JCF PROPERTY DEVELOPMENTS LIMITED,16779153,Active,Private limited company,,,2025-10-13,,,41100 43220,8a Beechwood Centre Church Street Woodlesford Leeds LS26 8RE England
JDB PLUMBING & HEATING SERVICES LTD,16779816,Active,Private limited company,,,2025-10-13,,,43220 68209,G P G House Walker Avenue Wolverton Mill Milton Keynes MK12 5TW England
SIGNATURE RESIDENTIAL SOLUTIONS LTD,16780270,Active,Private limited company,,,2025-10-13,,,43220 68320,16 Cameron Road Sevenkings IG3 8LB England
PAUL GOOLD GAS SERVICE AND REPAIRS LTD,16780974,Active,Private limited company,,,2025-10-13,,,43220,113 Haycombe Drive Bath BA2 1PN England
SPOT ECO LTD,SC866154,Active,Private limited company,,,2025-10-13,,,43210 43220 46180 74901,234 West George Street Glasgow G2 4QY Scotland
DRULUX BATHROOMS LTD,16781614,Active,Private limited company,,,2025-10-13,,,43220,20 Wenlock Road London N1 7GU England
LDS HEATING SERVICES & SOLUTIONS LTD,16782285,Active,Private limited company,,,2025-10-13,,,43220,1 The Purples Coalway Coleford GL16 7JL England
XCEEDZONE CONTRACTORS LIMITED,16782649,Active,Private limited company,,,2025-10-14,,,43220 43999 81100 81210,Apartment 18 The Shoe Factory 49 Abbey Park Road Leicester LE4 5ET England
A PASSION FOR PLUMBING LTD,16782841,Active,Private limited company,,,2025-10-14,,,43220,2 Neville Road Richmond TW10 7QJ England
WHALEN PLUMBING & GAS LTD,16783920,Active,Private limited company,,,2025-10-14,,,43220,28 Cavendish Road Southport PR8 4RT England
C HICKMAN PLUMBING LTD,16784249,Active,Private limited company,,,2025-10-14,,,43220,13 Hursley Road Chandler's Ford Eastleigh SO53 2FW England
S&J PIPEWORK & BUILDING LIMITED,16784418,Active,Private limited company,,,2025-10-14,,,43220,Flat 3-18 42 Brunswick Terrace Hove BN3 1HA England
QUADRATECH LTD,16784962,Active,Private limited company,,,2025-10-14,,,43210 43220 80200,Bastion House 2 Kingsway West Wickham BR4 9JF United Kingdom
MAKS BUILD LTD,16769431,Active,Private limited company,,,2025-10-07,,,41202 43220 43320,"16769431 - COMPANIES HOUSE DEFAULT ADDRESS Cardiff CF14 8LH "
KSD RENOVATION LTD,16786944,Active,Private limited company,,,2025-10-15,,,43220 43310 43330 43390,Flat 14 857 Finchley Road London NW11 8LX United Kingdom
SMITH MECHANICAL SERVICES LIMITED,16787288,Active,Private limited company,,,2025-10-15,,,43220,Brimstage Hall Brimstage Road Wirral CH63 6JA United Kingdom
SWIFT SERVICE & MAINTENANCE LIMITED,16787770,Active,Private limited company,,,2025-10-15,,,43220,"Unit 7, Pottery Business Park 69-71 Ringwood Road Poole BH14 0RG England"
TJF PLUMBING & HEATING LTD,16789824,Active,Private limited company,,,2025-10-16,,,43220,22 Green Wrythe Crescent Carshalton SM5 2SW England
CC HEATING & VENTILATION SERVICES LIMITED,16785343,Active,Private limited company,,,2025-10-14,,,43220,50 Bourne Avenue Hayes UB3 1QN England
FLOWFIX SERVICES LTD,16788315,Active,Private limited company,,,2025-10-16,,,43220,44 Galatea Square London SE15 3PL England
A STAR GAS SOLUTIONS LTD,16788407,Active,Private limited company,,,2025-10-16,,,43220,197 Walstead Road Walsall WS5 4DW England
TIFFY MECHANICAL SERVICES LTD,16788419,Active,Private limited company,,,2025-10-16,,,43220,48 Worcester Street Middlesbrough TS1 4NS England
THERMIQ LTD,16785833,Active,Private limited company,,,2025-10-15,,,43210 43220,16 Station Road Port Talbot SA13 1JB Wales
THE PLUMBING HEATING & GAS CONSULTANTS LTD,16786317,Active,Private limited company,,,2025-10-15,,,43220,Unit 7 Vulcan House Restmor Way Wallington SM6 7AH England
PLUMBER NEAR ME 4U LIMITED,16789012,Active,Private limited company,,,2025-10-16,,,43220,5 Moreland Way London E4 6SG England
FBR MECHANICAL LIMITED,16785005,Active,Private limited company,,,2025-10-14,,,43220,4 Capricorn Centre Cranes Farm Road Basildon SS14 3JJ England
PUREFLO PLUMBING & DRAINAGE LTD,16785297,Active,Private limited company,,,2025-10-14,,,39000 43220,First Floor 83d London Road Romford RM7 9QD United Kingdom
IGNITE HEATING & GAS LTD,16785482,Active,Private limited company,,,2025-10-14,,,43220,544 New Hall Lane Preston PR1 4TE England
TECHNO ONE LTD,16785560,Active,Private limited company,,,2025-10-15,,,41100 43220 43290 43390,129 South St 5 Cape Court London EN3 4GN United Kingdom
GILCHRIST ENGINEERING LIMITED,16787753,Active,Private limited company,,,2025-10-15,,,43220,C/O Cox Costello & Horne Batchworth Lock House 99 Church Street Rickmansworth WD3 1JJ England
HD GREEN ENERGY LTD,16789646,Active,Private limited company,,,2025-10-16,,,43220,64 Church Road Swindon Village Cheltenham GL51 9RG England
PLUMBING &ELECTRIC LTD,16790943,Active,Private limited company,,,2025-10-16,,,41202 43210 43220,97 Warwick Road London SW5 9EZ England
IMESH HAVEN LTD,16793048,Active,Private limited company,,,2025-10-17,,,41202 43220 43341 81299,82 King Street Manchester M2 4WQ England
PEAK PROJECTS LTD,16794040,Active,Private limited company,,,2025-10-18,,,41100 43220 81300,Woodpeckers Hoe Lane Abinger Hammer Dorking RH5 6RH England
SK9 BUILD LIMITED,16794070,Active,Private limited company,,,2025-10-18,,,41202 43220,18 Ena Road Coventry CV1 4HQ England
NORFOLK HEAT PUMP SERVICES LTD,16794171,Active,Private limited company,,,2025-10-18,,,43220,20 Hooks Hill Road Sheringham NR26 8NL England
EPC READY UK LTD,16796307,Active,Private limited company,,,2025-10-20,,,43220 43290 71200 74901,Toad Hall Station Road Cold Norton Chelmsford CM3 6HX England
ANAS PLUMBING LTD,16798346,Active,Private limited company,,,2025-10-20,,,43220,27 Ashington Road London SW6 3QJ England
NARMIS BOILERS LTD,16795201,Active,Private limited company,,,2025-10-20,,,43220,Unit 1 Milton Road Business Park Milton Road Gravesend DA12 2PG England
CM PLUMBING & BATHROOM INSTALLATIONS LTD,16797129,Active,Private limited company,,,2025-10-20,,,43220,97 Leigh Road Eastleigh SO50 9DR England
SAFE UTILITY SOLUTIONS LTD,16797697,Active,Private limited company,,,2025-10-20,,,43220,25 Westbourne Terrace Houghton Le Spring DH4 4QT England
EMPIRE FLOW SERVICES LTD,16797733,Active,Private limited company,,,2025-10-20,,,43220,33 Pearce Avenue Poole BH14 8EG England
PC FAST SOLUTIONS LIMITED,16798041,Active,Private limited company,,,2025-10-20,,,43220,Flat 25 Challenge Court Langhorn Drive Twickenham TW2 7SY England
HEAT RECOVERY UK LIMITED,16798232,Active,Private limited company,,,2025-10-20,,,43220,10 Long Bottom Avenue Sowerby Bridge HX6 1LA England
NEW UNIVERSAL AIRCONDITION & REFRIGERATORS SPARE PARTS TRADING LIMITED,16799165,Active,Private limited company,,,2025-10-21,,,43220 46520 46690 47190,71-75 Shelton Street Covent Garden London WC2H 9JQ United Kingdom
ALPINE CONTROLS LIMITED,16799558,Active,Private limited company,,,2025-10-21,,,43210 43220 43290 62090,C/O Vantage Accounting 1 Cedar Office Park Cobham Road Wimborne BH21 7SB United Kingdom
BOILER NATION LTD,16796094,Active,Private limited company,,,2025-10-20,,,43220,20 Wenlock Road London N1 7GU England
ECO ASSURE LTD,16798386,Active,Private limited company,,,2025-10-20,,,43220,53 Freer Road Birmingham B6 6NE England
PLUMBFIXGEAR LIMITED,16790790,Active,Private limited company,,,2025-10-16,,,43220,211 Richardshaw Lane Stanningley Pudsey LS28 6AA England
ALLINONE MANAGEMENT LTD,16791443,Active,Private limited company,,,2025-10-17,,,43210 43220 43341 71129,40 Coronation Road Sheerness ME12 2QW England
MCNULTY PLUMBING & HEATING LTD,16792114,Active,Private limited company,,,2025-10-17,,,43220,67 Gloucester Avenue Silsden BD20 0BX England
MBM PROPERTY SOLUTIONS LTD,16794158,Active,Private limited company,,,2025-10-18,,,43210 43220 43290 43341,27 Conyers Road London SW16 6LR England
BLACK IVORY FOR GENERAL CONTRACTING LTD,16796257,Active,Private limited company,,,2025-10-20,,,41201 43210 43220 46900,Unit 7 Initial Business Centre Wilson Business Park Manchester M40 8WN England
IGNITE ENERGY SERVICES LTD,16798867,Active,Private limited company,,,2025-10-21,,,43220,128 City Road London EC1V 2NX United Kingdom
MT MOBILITY BATH CO LTD,16815632,Active,Private limited company,,,2025-10-28,,,43220,Harts Gorse Beddingham Lewes BN8 6JY England
URBANLINK SOLUTIONS LTD,16812861,Active,Private limited company,,,2025-10-27,,,43210 43220 81100,2 Nesbit Court 119 Cooks Road London SE17 3DG England
HAVEN GAS & ELECTRICAL LTD,16816431,Active,Private limited company,,,2025-10-28,,,43210 43220,221 Mansel Road Birmingham B10 9NW England
SEVEN IMPROVEMENTS LTD,16791184,Active,Private limited company,,,2025-10-16,,,41100 41202 43220 43320,14 Ashbourne Avenue Bradford BD2 4AP England
UNIT 3 SOLUTIONS LTD,16794115,Active,Private limited company,,,2025-10-18,,,43210 43220 43910,60 Dewsbury Gate Road Dewsbury WF13 4AX England